삼성전자 삼성 SM-M1700Q,23900,4.8,336,32
로이체 멀티페어링 블루투스 저소음 무선 마우스 RX-700TR,24900,4.83,5418,940
엑토 레트로 무소음 인체공학 손목보호 USB 무선 버티컬 마우스 ONMSC-01,24900,4.8,671,743
지클릭커 쓸떼많은 다쿠아즈 무소음 무선 블루투스 마우스,14900,4.7,588                                ,534
로지텍 M331 무소음,22400,4.87,8000.0,419
로지텍 MX MASTER 3S,110430,4.85,4000.0,842
프리플로우 싸이록스 V8 8K 무선 마우스,79900,4.9,93,9
로지텍 G PRO 지슈라2 지프로 슈퍼라이트2 무선 게이밍 마우스 XSUPERLIGHT2,199000,4.96,83,1550
지클릭커 버티컬 도톰쉬폰 무소음 인체공학 블루투스 무선 마우스 OP50,19800,4.75,66,196
지클릭커 오피스프로 휠마스터 무소음 무선 마우스,39800,4.69,18,216
로지텍 로지텍G PRO X SUPERLIGHT 2 게이밍 마우스,179100,4.92,058,1782
앱코 WEM60 인체공학 무선 버티컬 마우스,25900,4.83,57,530
로지텍 시그니처 M650,37490,4.84,973,294
로지텍 로지텍G G304 LIGHTSPEED WIRELESS (벌크),34900,4.78,650,19
로지텍G G304 LIGHTSPEED 게이밍 마우스,15350,4.15,95,354
로지텍 MX Anywhere 3S,83890,4.88,793,220
로지텍 페블 M350 마우스,19270,4.86,5000.0,680
로지텍 로지텍G G703 HERO WIRELESS,69980,4.84,457,174
RAZER 데스에더 V3 프로,143700,4.91,000,171
(로지텍 정품) 지슈라 G PRO X SUPERLIGHT 벌크 무선게이밍 마우스,132790,4.86,74,561
RAZER DeathAdder V2 Pro,69880,4.88,203,352
지클릭커 슈퍼히어로 SPG10 아쿠아푸딩 투명 블루투스 무선 마우스,22400,4.67,4,17
로지텍 M720 Triathlon,36700,4.84,464,302
한성컴퓨터 VM100 V2 OfficeMaster 듀얼무선,20610,4.72,610,208
아이리버 EQWEAR-MVM7,24750,4.81,540,158
로지텍 M240 Silent bluetooth,17350,4.85,288,230
로지텍 MX VERTICAL,96660,4.83,625,289
지클릭커 슈퍼히어로 OP95 벤투스 무선 블루투스 게이밍 커스텀마우스,31030,4.88,8,41
로지텍 로지텍G PRO WIRELESS,82080,4.84,358,116
RAZER Viper V3 Pro,219000,4.91,90,46
로지텍 M170 Wireless Mouse,8600,4.81,110,210
로지텍 PEBBLE M350S,24710,4.87,781,80
지클릭커 슈퍼히어로 OP100 르캄프 초경량 4K 게이밍 마우스,46900,4.9,1,29
로지텍 로지텍G G502 X PLUS,158900,4.87,254,169
RAZER 오로치 v2,57500,4.84,269,89
한성컴퓨터 BM100 듀얼 무선 무소음마우스,15210,4.83,968,202
아이리버 EQWEAR-EV3 무선 버티컬 마우스,29990,4.74,778,247
아이리버 EQwear-V10 무소음 무선 마우스,12990,4.79,769,73
로지텍 로지텍G G309 무선 게이밍 마우스,86100,4.92,01,35
